ID,Name
026acc5a18a94f2bb1097778a32a4dae,We've got honey at home. ğŸ¯ğŸ 
04302c3f51ee440cbf9274f6430702ff,Joe Skrebels
0e033461ae5447c6b172e593d11ec57c,Gav Murphy
1af891d6b3bf4540a518ddd5b310e3b9,MegaSlippers
555c7be4f519498e97a6bf62888fb0df,Beehind Honemy Lines
5d67307c492249f2b00f7b3276919ef5,"Liv, Laugh, Cover Urself in Pollen"
6495e706501d405b96d5a435a5903ca7,"Baba,  Don't Rile Bee"
87ca0d712462497cbbc6df70f918a723,mooshty
93455c46f7d945a187150fc527630db4,All the Better to Sting You With
975e00647b384c8abeb378da24a134f7,misterbrilliant
b203b8be5e7947d5835b05e671bbc328,Joe Bond
b2fd357c852d458f8ea4fa557c68b37f,A Stylish Little Bee In A Shacket And Jorts (A Sartorial Bee)
b49a4cb5ad234418b3ff4bdfd2ab321f,"ğŸš‚ Alice Einsteigen, To Bee Town!"
c327c012d06e422aac5fb221c6ec420c,itbrose
c9020fb4892a4c77aaeded2efd21f9b4,Honey WillBeFree
d21152e7d3cd4a69b0951abdfe3e1480,Patrick Rose
e4baba279a664e01b42eb740644f095c,How âŒš since you ğŸ‘€ a ğŸ? I Missenden (Cain)
ec6e845efede4f3abfce9ac2b3254ff7,Banana Log
